{"cameraMode":{"drawMode":0,"name":"Shaded","section":"Shading Mode"},"sceneLighting":false,"audioPlay":false,"sceneViewState":{"showFog":true,"showMaterialUpdate":false,"showSkybox":false,"showFlares":true,"showImageEffects":true,"showParticleSystems":true},"in2DMode":false,"pivot":{"x":-6.808499813079834,"y":16.0,"z":214.9600067138672},"rotation":{"x":0.01499881036579609,"y":0.0021021864376962187,"z":-0.00002871674223570153,"w":0.9998950958251953},"size":0.8660253882408142,"orthographic":false}